{"cameraMode":{"drawMode":0,"name":"Shaded","section":"Shading Mode"},"sceneLighting":true,"audioPlay":false,"sceneViewState":{"showFog":true,"showMaterialUpdate":false,"showSkybox":true,"showFlares":true,"showImageEffects":true,"showParticleSystems":true},"in2DMode":false,"pivot":{"x":3.3680601119995119,"y":-2.4694149494171144,"z":3.971708297729492},"rotation":{"x":-0.1021270677447319,"y":0.009546950459480286,"z":-0.0009808405302464963,"w":-0.9947293996810913},"size":16.787797927856447,"orthographic":false}