{"cameraMode":{"drawMode":0,"name":"Shaded","section":"Shading Mode"},"sceneLighting":true,"audioPlay":false,"sceneViewState":{"showFog":true,"showMaterialUpdate":false,"showSkybox":true,"showFlares":true,"showImageEffects":true,"showParticleSystems":true},"in2DMode":false,"pivot":{"x":3.574263334274292,"y":-1.023794412612915,"z":2.911893367767334},"rotation":{"x":0.025803498923778535,"y":0.016489246860146524,"z":-0.00042570068035274744,"w":0.9995332360267639},"size":10.0,"orthographic":false}