{"cameraMode":{"drawMode":0,"name":"Shaded","section":"Shading Mode"},"sceneLighting":true,"audioPlay":false,"sceneViewState":{"showFog":true,"showMaterialUpdate":false,"showSkybox":true,"showFlares":true,"showImageEffects":true,"showParticleSystems":true},"in2DMode":false,"pivot":{"x":1.0836575031280518,"y":-2.4879238605499269,"z":9.330665588378907},"rotation":{"x":0.007188995368778706,"y":-0.005399840418249369,"z":-0.00025485260994173586,"w":-1.0000457763671876},"size":48.879783630371097,"orthographic":false}